model,n_forecasts,rmse,mae
hhh4_full,196,146604.6294916629,66110.65952348549
hhh4_within,196,146604.6294011656,66110.65943979414
